dex,name,zone,rarity,shape,body,accent,belly,crest,scale
16,Pidgey,grass,common,song,#ac845c,#5f493a,#f5e8bd,tuft,0.55
21,Spearow,grass,common,song,#956b43,#ae4b3b,#e9b490,spiky,0.6
22,Fearow,cliffs,rare,longneck,#95663f,#ba3e3e,#edd6ac,spiky,2.3
54,Psyduck,water,common,duck,#f0ca47,#b7a06c,#f7df6f,three,0.95
83,Farfetch'd,grass,uncommon,duck,#a99472,#755b40,#f6e6bc,tuft,0.8
84,Doduo,grass,uncommon,doduo,#ae8255,#342825,#d5b276,none,1.5
85,Dodrio,cliffs,rare,dodrio,#a8774b,#342825,#e2ba84,spiky,2.3
145,Zapdos,cliffs,epic,song,#f5d22b,#28252f,#fbea8b,lightning,2.9
163,Hoothoot,forest,common,owl,#98704b,#512f2e,#e9ceaa,horns,0.8
164,Noctowl,forest,rare,owl,#977751,#674736,#dec19a,horns,0.85
177,Natu,forest,common,round,#71b743,#d44039,#a4d45d,tuft,0.65
178,Xatu,forest,rare,totem,#58a94a,#d84739,#e8dda0,long,1.5
198,Murkrow,forest,uncommon,song,#33415b,#1f263b,#596580,hat,0.8
225,Delibird,cliffs,uncommon,penguin,#cf3e42,#f7f1e4,#faf6e9,ice,1.5750000000000002
250,Ho-Oh,cliffs,epic,song,#ca523e,#4b915e,#f8e0a0,sweep,3.3
276,Taillow,grass,common,song,#3d5878,#b54749,#f1e4d0,none,0.65
277,Swellow,grass,uncommon,song,#344d70,#c64345,#ebe6d4,sweep,1.05
278,Wingull,water,common,gull,#ecefe9,#589ac1,#fafaf2,none,1.0
279,Pelipper,water,uncommon,pelican,#eaf0eb,#e3c955,#fbf8e7,none,1.2
333,Swablu,forest,common,cloud,#6baaca,#fcfaf1,#9bc7dc,tuft,0.9
334,Altaria,forest,rare,cloud,#74adcd,#faf9f0,#bbdbe9,long,1.25
12,Butterfree,forest,uncommon,butterfly,#8b70b3,#262b33,#f4f5f6,antennae,0.8
165,Ledyba,forest,common,ladybug,#e74d38,#24272c,#f6d266,antennae,0.75
267,Beautifly,forest,uncommon,butterfly,#89868c,#eaa447,#f3e6c2,antennae,0.85
269,Dustox,forest,uncommon,butterfly,#a17db3,#b1c578,#eabccf,antennae,0.85
284,Masquerain,water,uncommon,butterfly,#adcfe7,#eb9473,#f1f3f6,antennae,0.85
193,Yanma,water,common,butterfly,#cf4a3e,#99c95c,#f0f3f7,antennae,0.8
415,Combee,grass,common,butterfly,#eab440,#4a4c55,#f1f6f9,antennae,0.7
637,Volcarona,cliffs,epic,butterfly,#ed8e57,#45434b,#f6ede0,antennae,1.1
441,Chatot,grass,uncommon,song,#7ca17c,#b88762,#e9e9d5,none,0.65
430,Honchkrow,forest,rare,song,#7ca17c,#b88762,#e9e9d5,none,1.186
396,Starly,grass,common,song,#7ca17c,#b88762,#e9e9d5,none,0.511
397,Staravia,grass,uncommon,song,#7ca17c,#b88762,#e9e9d5,none,0.824
581,Swanna,water,rare,song,#7ca17c,#b88762,#e9e9d5,none,0.969
628,Braviary,cliffs,rare,song,#7ca17c,#b88762,#e9e9d5,none,1.243
567,Archeops,cliffs,rare,song,#7ca17c,#b88762,#e9e9d5,none,1.222
661,Fletchling,grass,common,song,#7ca17c,#b88762,#e9e9d5,none,0.475
662,Fletchinder,cliffs,uncommon,song,#7ca17c,#b88762,#e9e9d5,none,0.784
701,Hawlucha,cliffs,rare,song,#7ca17c,#b88762,#e9e9d5,none,0.923
717,Yveltal,cliffs,epic,song,#7ca17c,#b88762,#e9e9d5,none,1.722
313,Volbeat,water,common,butterfly,#555761,#cc4945,#f4dd79,antennae,0.75
314,Illumise,water,common,butterfly,#6477a6,#9e72ae,#f4dd79,antennae,0.75
414,Mothim,forest,uncommon,butterfly,#71685d,#ed984f,#dfc99d,antennae,0.85
666,Vivillon,forest,uncommon,butterfly,#625e68,#dc8fb7,#f3c6d9,antennae,0.85
580,Ducklett,water,common,duck,#8bcde5,#e7c254,#9ad8ed,tuft,0.65
469,Yanmega,water,rare,butterfly,#526c48,#b94344,#cbd8b8,antennae,1.05
845,Cramorant,water,uncommon,longneck,#426995,#e5a448,#f0eee0,tuft,1.1
207,Gligar,cliffs,common,butterfly,#bf91c8,#866ca5,#dbc2df,antennae,0.95
663,Talonflame,cliffs,uncommon,song,#d76549,#565b64,#acaeb3,tuft,1.15
